{
  "musicVolume": 0.699999988079071,
  "sfxVolume": 0.3999999761581421
}